[
  {
    "Protocol": "TCP",
    "LocalAddress": "10.64.20.84:55993",
    "ForeignAddress": "35.186.224.45",
    "State": "ESTABLISHED",
    "Location": null,
    "Latitude": 39.0997,
    "Longitude": -94.5786
  },
  {
    "Protocol": "TCP",
    "LocalAddress": "10.64.20.84:55994",
    "ForeignAddress": "162.159.130.234",
    "State": "ESTABLISHED",
    "Location": null,
    "Latitude": 37.7621,
    "Longitude": -122.3971
  },
  {
    "Protocol": "TCP",
    "LocalAddress": "10.235.4.172:56515",
    "ForeignAddress": "4.207.247.139",
    "State": "ESTABLISHED",
    "Location": null,
    "Latitude": 53.3331,
    "Longitude": -6.2489
  },
  {
    "Protocol": "TCP",
    "LocalAddress": "10.235.4.172:56517",
    "ForeignAddress": "2.18.34.135",
    "State": "ESTABLISHED",
    "Location": null,
    "Latitude": 59.3294,
    "Longitude": 18.0687
  },
  {
    "Protocol": "TCP",
    "LocalAddress": "10.235.4.172:56524",
    "ForeignAddress": "34.117.59.81",
    "State": "ESTABLISHED",
    "Location": null,
    "Latitude": 39.0997,
    "Longitude": -94.5786
  },
  {
    "Protocol": "TCP",
    "LocalAddress": "10.235.4.172:56525",
    "ForeignAddress": "64.233.162.188",
    "State": "ESTABLISHED",
    "Location": null,
    "Latitude": 60.8667,
    "Longitude": 26.7
  },
  {
    "Protocol": "TCP",
    "LocalAddress": "10.235.4.172:56557",
    "ForeignAddress": "35.163.144.222",
    "State": "ESTABLISHED",
    "Location": null,
    "Latitude": 45.8399,
    "Longitude": -119.7006
  },
  {
    "Protocol": "TCP",
    "LocalAddress": "10.235.4.172:56558",
    "ForeignAddress": "3.226.94.2",
    "State": "ESTABLISHED",
    "Location": null,
    "Latitude": 39.0437,
    "Longitude": -77.4875
  }
]